User ID,Age,Gender,Height (cm),Weight (kg),BMI,Activity Level,Fitness Goal,Daily Water Intake Goal (ml),Step Count,Meditation/Relaxation Minutes,Recommended Daily Steps,Recommended Daily Calories Intake,Recommended Daily Water Intake (ml),Suggested Workout Type,Suggested Workout Duration (mins),Suggested Sleep Duration (hrs),Diet Suggestion,Date,Time of Data Collection
U1,58,Female,167,76,27.25,Moderate,General Wellness,3958,5211,55,8571,1271,3574,Strength Training,49,7,High Protein,2025-02-10,12:05:27
U2,46,Female,180,95,29.32,Moderate,Heart Health,3580,4582,53,8667,2847,3848,HIIT,31,8,High Protein,2025-02-10,12:05:27
U3,29,Other,152,111,48.04,Moderate,Weight Loss,3163,8327,22,9328,1404,2707,Yoga,47,6,Vegan,2025-02-27,12:05:27
U4,29,Female,171,71,24.28,Low,Metabolism Boost,3206,12735,38,10479,2814,2987,Strength Training,39,7,Low Carb,2025-02-26,12:05:27
U5,54,Male,191,116,31.8,Moderate,Joint Mobility,2608,14440,40,9429,1184,2587,Cardio,26,8,High Protein,2025-02-12,12:05:27
U6,43,Male,198,51,13.01,Moderate,Metabolism Boost,3875,11422,29,11509,2764,4278,Yoga,52,6,High Protein,2025-01-30,12:05:27
U7,43,Female,170,75,25.95,Low,Bone Health,3935,5930,44,10491,2406,3762,Cardio,39,9,Low Carb,2025-02-01,12:05:27
U8,22,Other,178,97,30.61,Low,General Wellness,2787,10779,52,8728,1971,2661,Yoga,55,8,Vegan,2025-02-13,12:05:27
U9,30,Male,157,113,45.84,High,Overall Fitness,3358,4188,26,11772,1367,2949,HIIT,21,6,Low Carb,2025-02-17,12:05:27
U10,44,Other,157,55,22.31,Moderate,Endurance Improvement,2247,2481,59,9287,1701,2494,HIIT,30,9,Balanced Diet,2025-01-31,12:05:27
U11,36,Female,156,77,31.64,High,Athletic Performance,2835,4712,49,9984,2063,2547,HIIT,27,9,High Protein,2025-02-04,12:05:27
U12,23,Male,165,85,31.22,High,Fat Loss,2378,5947,25,10967,2190,2215,Yoga,34,7,Low Carb,2025-02-07,12:05:27
U13,32,Other,160,81,31.64,High,Athletic Performance,2197,2577,46,8062,2847,2601,HIIT,60,9,Vegan,2025-02-01,12:05:27
U14,48,Other,196,84,21.87,High,Overall Fitness,2252,5186,38,8798,2556,2212,Cardio,32,9,Vegan,2025-02-15,12:05:27
U15,19,Female,164,107,39.78,Low,Fat Loss,3517,11153,18,8347,1962,3640,Strength Training,45,7,Vegan,2025-02-15,12:05:27
U16,36,Other,167,80,28.69,High,Fat Loss,2767,14587,15,9801,1868,2508,Pilates,45,6,Low Carb,2025-02-07,12:05:27
U17,24,Female,191,88,24.12,Low,Flexibility Improvement,3008,8202,0,8890,2617,2688,Cardio,59,8,Balanced Diet,2025-02-01,12:05:27
U18,55,Female,199,118,29.8,Low,Senior Fitness,2872,4043,41,8715,1218,2720,HIIT,60,8,Vegan,2025-02-19,12:05:27
U19,35,Other,163,99,37.26,Low,General Wellness,3864,5156,16,8192,1746,3883,Cardio,47,7,Vegan,2025-03-01,12:05:27
U20,58,Other,153,75,32.04,Moderate,Endurance Improvement,3478,11798,12,10178,2432,3795,HIIT,20,8,High Protein,2025-02-13,12:05:27
U21,45,Other,191,70,19.19,Moderate,Athletic Performance,2989,13607,23,10702,1766,2904,Strength Training,57,8,Low Carb,2025-02-06,12:05:27
U22,40,Male,152,89,38.52,Moderate,Bone Health,3403,10792,27,8634,2464,3603,Pilates,36,9,Keto,2025-02-05,12:05:27
U23,45,Female,175,73,23.84,Low,Joint Mobility,3353,4838,46,11023,1396,3845,Yoga,21,7,Vegan,2025-02-08,12:05:27
U24,20,Other,152,106,45.88,High,Cardio Endurance,3027,9171,9,8658,1291,3092,Cardio,20,7,Balanced Diet,2025-02-09,12:05:27
U25,19,Other,172,93,31.44,High,Strength Maintenance,3205,6657,14,10589,1224,2990,Pilates,25,7,Balanced Diet,2025-02-01,12:05:27
U26,48,Other,198,105,26.78,High,Core Strengthening,3341,9236,26,9318,1765,3396,Cardio,38,8,Balanced Diet,2025-02-15,12:05:27
U27,20,Female,153,54,23.07,Low,Athletic Performance,2565,6170,11,11106,1774,2109,HIIT,25,8,Keto,2025-02-16,12:05:27
U28,32,Male,179,82,25.59,Low,Stress Reduction,3878,8383,16,8506,1166,3612,Pilates,21,8,High Protein,2025-02-27,12:05:27
U29,26,Female,172,106,35.83,Moderate,Fat Loss,3874,6499,23,9925,2320,3507,Cardio,44,7,Balanced Diet,2025-02-27,12:05:27
U30,54,Male,174,88,29.07,Low,Heart Health,3720,12189,26,8197,1816,3317,Yoga,49,6,High Protein,2025-02-09,12:05:27
U31,57,Male,194,53,14.08,High,Weight Loss,2657,2160,20,10762,2302,2456,Yoga,49,6,High Protein,2025-02-18,12:05:27
U32,35,Other,190,91,25.21,Moderate,Postpartum Recovery,3999,3549,24,10182,2654,3714,HIIT,41,7,Keto,2025-02-24,12:05:27
U33,20,Other,162,99,37.72,Low,Weight Loss,3273,11670,34,9374,1148,3470,Strength Training,48,8,Low Carb,2025-03-01,12:05:27
U34,29,Female,180,95,29.32,High,Cardio Endurance,3066,10474,3,10590,1234,3239,Strength Training,20,6,High Protein,2025-02-24,12:05:27
U35,30,Other,184,99,29.24,Moderate,Core Strengthening,3553,13061,13,8585,2170,3790,HIIT,57,9,Vegan,2025-02-23,12:05:27
U36,35,Male,163,62,23.34,High,Endurance Improvement,2866,2801,41,8737,2509,2877,Pilates,37,7,Vegan,2025-02-17,12:05:27
U37,33,Female,156,74,30.41,Moderate,Core Strengthening,3265,4430,26,10937,2237,3755,Cardio,38,8,Low Carb,2025-02-09,12:05:27
U38,58,Female,185,55,16.07,Low,Diabetes Management,3583,8989,54,8750,1682,3173,Cardio,24,7,Keto,2025-02-17,12:05:27
U39,47,Other,186,82,23.7,Moderate,Senior Fitness,3283,11696,60,8162,1602,3385,HIIT,42,6,Keto,2025-02-18,12:05:27
U40,47,Female,192,120,32.55,Low,Metabolism Boost,3870,4176,16,9357,1798,3832,Pilates,46,8,Vegan,2025-02-23,12:05:27
U41,52,Male,154,93,39.21,Moderate,Heart Health,3403,3519,33,11372,2361,3851,Strength Training,29,7,Balanced Diet,2025-02-27,12:05:27
U42,30,Other,192,61,16.55,High,Fat Loss,3147,3892,22,10221,979,3540,Cardio,29,6,High Protein,2025-01-31,12:05:27
U43,53,Other,175,112,36.57,Low,Bone Health,3510,9747,8,11348,1788,4010,Yoga,36,8,Low Carb,2025-02-20,12:05:27
U44,18,Other,159,78,30.85,High,Senior Fitness,2064,10585,44,8329,1525,2068,Cardio,31,6,Keto,2025-02-22,12:05:27
U45,45,Male,156,100,41.09,High,General Wellness,2827,7286,12,9954,1722,2481,Pilates,26,7,Low Carb,2025-02-17,12:05:27
U46,52,Male,186,99,28.62,Low,Post-Injury Recovery,3016,14554,11,11825,1564,2914,HIIT,56,8,Balanced Diet,2025-02-09,12:05:27
U47,23,Male,174,118,38.97,Low,Flexibility Improvement,3363,3782,31,10373,2336,3437,Strength Training,60,7,Keto,2025-02-09,12:05:27
U48,44,Other,160,72,28.12,High,Heart Health,2375,5101,29,8349,2458,2298,Yoga,23,6,Low Carb,2025-02-13,12:05:27
U49,27,Other,155,70,29.14,Moderate,Senior Fitness,2064,14835,16,8894,1753,2127,Yoga,23,6,High Protein,2025-02-26,12:05:27
U50,49,Other,152,99,42.85,Low,Muscle Gain,2143,13810,29,9467,2079,1821,HIIT,34,8,Keto,2025-02-15,12:05:27
U1000,31,Other,197,110,18.66,Low,Core Strengthening,3816,14055,47,11539,1578,3213,Cardio,34,7,Balanced Diet,2025-02-10,16:25:26
U1001,42,Female,150,87,20.15,Moderate,Athletic Performance,3302,12181,7,8956,1746,3996,Pilates,55,6,Vegan,2025-02-10,16:25:26
U1002,19,Male,150,73,28.06,Low,Muscle Gain,2402,9362,59,10105,1459,3311,Cardio,36,6,Vegan,2025-02-27,16:25:26
U1003,45,Female,195,99,25.36,Moderate,Post-Injury Recovery,2467,5603,31,8493,2418,2961,Pilates,29,7,Balanced Diet,2025-02-26,16:25:26
U1004,34,Other,181,111,18.81,Low,Muscle Toning,2776,9053,38,8030,2992,2539,Strength Training,42,8,Balanced Diet,2025-02-12,16:25:26
U1005,42,Female,193,98,29.3,High,Overall Fitness,2265,5091,45,8794,1379,3038,Yoga,34,7,Low Carb,2025-01-30,16:25:26
U1006,29,Female,157,106,29.36,Moderate,Flexibility Improvement,3909,4147,23,9228,2411,3817,Strength Training,56,6,Vegan,2025-02-01,16:25:26
U1007,59,Male,175,97,18.78,High,Endurance Improvement,3393,8910,15,8342,2902,3127,Strength Training,21,7,Balanced Diet,2025-02-13,16:25:26
U1008,32,Female,167,85,34.74,High,Heart Health,2406,13903,25,11254,1549,3341,Strength Training,55,8,Vegan,2025-02-17,16:25:26
U1009,19,Female,152,104,29.87,High,General Wellness,2637,3259,14,9568,2998,3495,Cardio,53,7,High Protein,2025-01-31,16:25:26
U1010,66,Male,181,91,19.23,High,Flexibility Improvement,2186,9449,30,9437,2902,2839,Pilates,52,7,Low Carb,2025-02-04,16:25:26
U1011,47,Male,180,65,32.1,High,Core Strengthening,3509,6422,38,9606,1512,3902,HIIT,41,7,High Protein,2025-02-07,16:25:26
U1012,19,Female,177,73,25.68,Low,Diabetes Management,3690,3996,39,11894,1284,2838,Yoga,21,8,Balanced Diet,2025-02-01,16:25:26
U1013,47,Female,184,75,26.31,Low,Diabetes Management,3626,3156,45,9154,1637,3722,Strength Training,57,6,Low Carb,2025-02-15,16:25:26
U1014,56,Other,192,52,20.66,Low,Senior Fitness,2999,11517,25,11081,1819,2878,Yoga,51,6,Low Carb,2025-02-15,16:25:26
U1015,32,Other,159,111,32.63,High,Muscle Toning,3353,10358,33,8307,1320,3502,Yoga,44,8,Balanced Diet,2025-02-07,16:25:26
U1016,27,Female,156,101,23.91,Moderate,Bone Health,2739,10486,1,9807,2757,3456,Pilates,31,6,Vegan,2025-02-01,16:25:26
U1017,55,Other,163,91,34.48,High,General Wellness,2509,4335,53,10678,2955,3797,HIIT,29,6,Vegan,2025-02-19,16:25:26
U1018,37,Other,186,104,32.84,Low,Endurance Improvement,3850,9414,26,10010,2363,3759,HIIT,33,8,Low Carb,2025-03-01,16:25:26
U1019,34,Female,155,83,18.44,Moderate,Postpartum Recovery,3343,5508,44,8413,1681,3133,Yoga,20,8,High Protein,2025-02-13,16:25:26
U1020,65,Female,162,60,28.12,Low,Heart Health,2067,9893,3,9613,1401,3248,Cardio,21,7,Vegan,2025-02-06,16:25:26
U1021,30,Male,158,84,26.18,High,Cardio Endurance,3152,12048,24,11674,2089,3598,Pilates,48,8,Vegan,2025-02-05,16:25:26
U1022,68,Other,166,60,34.41,High,Flexibility Improvement,3390,3259,12,10854,1880,3101,Strength Training,45,7,Low Carb,2025-02-08,16:25:26
U1023,20,Female,188,75,22.66,Low,Post-Injury Recovery,3753,13687,2,9455,1659,2821,Yoga,59,7,Vegan,2025-02-09,16:25:26
U1024,54,Male,178,79,26.99,Low,Post-Injury Recovery,2212,10637,1,8585,1719,3247,Cardio,58,7,Balanced Diet,2025-02-01,16:25:26
U1025,33,Female,176,75,30.26,Low,Joint Mobility,3773,11741,7,10921,2486,3505,Strength Training,34,8,High Protein,2025-02-15,16:25:26
U1026,18,Other,184,108,33.55,Low,Strength Maintenance,3247,13809,8,10969,2692,3011,Strength Training,58,7,Low Carb,2025-02-16,16:25:26
U1027,38,Other,159,111,20.5,Moderate,Overall Fitness,3249,4915,37,9410,2993,3903,HIIT,35,6,Low Carb,2025-02-27,16:25:26
U1028,49,Other,198,107,18.66,Low,Core Strengthening,2745,8839,2,9809,2544,3288,Cardio,55,7,Low Carb,2025-02-27,16:25:26
U1029,68,Female,183,77,18.22,High,Flexibility Improvement,3717,9194,51,9989,2070,3422,Yoga,25,8,High Protein,2025-02-09,16:25:26
U1030,26,Male,162,78,25.81,Low,Strength Maintenance,3720,5367,36,10147,2469,2963,Yoga,21,7,Balanced Diet,2025-02-18,16:25:26
U1031,51,Female,159,82,29.18,Moderate,Weight Loss,2400,11464,34,8107,1513,3509,Yoga,20,8,High Protein,2025-02-24,16:25:26
U1032,49,Female,193,64,18.81,Moderate,Athletic Performance,3263,3504,29,8712,1943,3390,Yoga,57,7,Vegan,2025-03-01,16:25:26
U1033,24,Other,190,65,22.98,High,Heart Health,2207,6288,18,10359,1675,3402,Yoga,23,8,High Protein,2025-02-24,16:25:26
U1034,35,Male,158,96,19.83,High,Post-Injury Recovery,2333,5104,42,8592,2501,3949,Pilates,46,7,High Protein,2025-02-23,16:25:26
U1035,55,Other,155,84,28.09,Low,Bone Health,2095,7269,40,11747,2513,3635,Yoga,56,8,High Protein,2025-02-17,16:25:26
U1036,18,Male,176,59,29.48,High,Muscle Gain,2219,8968,56,9173,2229,2906,Yoga,37,7,High Protein,2025-02-09,16:25:26
U1037,24,Male,162,57,33.57,Moderate,Cardio Endurance,3576,10423,47,10984,2298,2638,Pilates,59,6,Balanced Diet,2025-02-17,16:25:26
U1038,66,Female,168,79,28.43,Low,Athletic Performance,3069,3823,12,9052,1513,3274,Strength Training,24,6,High Protein,2025-02-18,16:25:26
U1039,39,Male,173,56,34.46,Moderate,Diabetes Management,3568,10451,30,9623,1586,3931,Cardio,30,7,Vegan,2025-02-23,16:25:26
U1040,65,Female,187,90,23.91,Low,Bone Health,2166,10525,10,9114,1330,3837,Yoga,38,8,Low Carb,2025-02-27,16:25:26
U1041,41,Male,160,74,18.94,Low,Flexibility Improvement,3663,7579,33,8779,1598,3198,Strength Training,36,8,Vegan,2025-01-31,16:25:26
U1042,41,Male,176,74,31.82,Moderate,Core Strengthening,3598,4311,58,8897,1516,2748,Strength Training,58,7,Vegan,2025-02-20,16:25:26
U1043,24,Other,153,100,19.78,High,Cardio Endurance,3040,11351,37,11680,1326,3799,Pilates,35,7,High Protein,2025-02-22,16:25:26
U1044,54,Male,151,90,27.04,Low,Strength Maintenance,2824,12984,56,8233,1759,3394,Yoga,30,7,Low Carb,2025-02-17,16:25:26
U1045,60,Male,177,119,31.78,Low,Postpartum Recovery,2817,8884,4,9517,2891,3594,Pilates,43,6,Low Carb,2025-02-09,16:25:26
U1046,30,Female,171,113,32.76,Moderate,Senior Fitness,3409,11222,24,9841,1700,2654,Pilates,37,8,Low Carb,2025-02-09,16:25:26
U1047,24,Male,179,55,18.6,Moderate,Fat Loss,3053,5845,50,11027,2292,3694,Yoga,35,8,Low Carb,2025-02-13,16:25:26
U1048,21,Other,155,63,22.9,Moderate,Overall Fitness,2642,9598,19,10664,1950,3134,HIIT,54,7,Vegan,2025-02-26,16:25:26
U1049,39,Female,180,100,26.35,High,Metabolism Boost,3494,11622,58,10467,1684,3021,Pilates,34,6,Balanced Diet,2025-02-15,16:25:26
U1050,47,Other,182,73,28.07,Moderate,Strength Maintenance,2382,8548,41,9897,1359,3612,Strength Training,45,6,High Protein,2025-02-10,16:25:26
U1051,46,Other,174,93,19.75,Low,Cardio Endurance,3203,7173,3,9611,1948,3355,Strength Training,25,8,Low Carb,2025-02-10,16:25:26
U1052,68,Female,166,103,18.77,High,Cardio Endurance,3855,7747,58,10354,1779,2850,Yoga,38,8,Low Carb,2025-02-27,16:25:26
U1053,69,Male,187,51,31.14,Low,Flexibility Improvement,3809,9228,15,8024,2550,2889,Cardio,50,6,High Protein,2025-02-26,16:25:26
U1054,49,Female,194,119,18.05,Low,Strength Maintenance,2145,8309,9,11014,2281,3217,Yoga,25,7,High Protein,2025-02-12,16:25:26
U1055,36,Male,197,116,19.89,High,Strength Maintenance,2556,11402,16,8193,2633,3504,HIIT,32,7,Low Carb,2025-01-30,16:25:26
U1056,64,Female,198,78,33.52,High,Muscle Toning,3361,3215,18,9108,1821,2575,Strength Training,40,7,High Protein,2025-02-01,16:25:26
U1057,18,Male,184,97,18.56,High,Heart Health,3805,3548,53,10964,1681,3813,HIIT,25,7,Balanced Diet,2025-02-13,16:25:26
U1058,37,Female,190,106,26.92,Moderate,Bone Health,2805,10351,50,10135,2979,3452,HIIT,29,6,Balanced Diet,2025-02-17,16:25:26
U1059,39,Male,157,83,33.57,Moderate,Joint Mobility,2525,13968,5,11939,1604,3406,Strength Training,42,8,Low Carb,2025-01-31,16:25:26
U1060,34,Female,155,55,24.06,High,Bone Health,3194,6072,15,8179,2189,3625,HIIT,43,8,Balanced Diet,2025-02-04,16:25:26
U1061,38,Female,196,66,22.68,Low,Flexibility Improvement,2823,7804,19,9456,1798,2764,Yoga,53,8,Low Carb,2025-02-07,16:25:26
U1062,21,Male,157,106,22.18,High,Endurance Improvement,3495,3120,34,9862,2295,3182,HIIT,37,6,Vegan,2025-02-01,16:25:26
U1063,55,Male,169,80,21.8,Moderate,General Wellness,3337,11128,34,11887,2418,2903,Strength Training,36,6,Balanced Diet,2025-02-15,16:25:26
U1064,26,Male,153,113,27.86,High,Joint Mobility,3131,3038,38,10274,2372,3029,HIIT,46,7,Low Carb,2025-02-15,16:25:26
U1065,51,Other,151,94,25.7,Moderate,Joint Mobility,3374,10600,6,11190,2620,3177,Strength Training,34,8,Balanced Diet,2025-02-07,16:25:26
U1066,31,Male,170,96,31.78,Moderate,Muscle Gain,3162,3612,29,8638,2046,3948,Pilates,40,8,High Protein,2025-02-01,16:25:26
U1067,46,Female,172,91,29.54,Low,Endurance Improvement,2479,12201,49,11829,2630,3967,HIIT,52,6,Balanced Diet,2025-02-19,16:25:26
U1068,47,Male,164,118,18.03,Moderate,Weight Loss,2791,14545,40,8336,1422,3715,Strength Training,37,8,Balanced Diet,2025-03-01,16:25:26
U1069,42,Female,160,63,24.98,High,Muscle Toning,3369,9197,10,11187,1502,2929,Cardio,45,7,Vegan,2025-02-13,16:25:26
U1070,56,Other,189,60,30.91,Low,Stress Reduction,2723,4896,4,9916,1342,3683,Strength Training,54,7,Vegan,2025-02-06,16:25:26
U1071,29,Other,182,56,25.65,Moderate,Post-Injury Recovery,2452,8539,42,11363,2703,2942,HIIT,45,8,Balanced Diet,2025-02-05,16:25:26
U1072,57,Female,163,111,18.16,Low,Fat Loss,3802,13554,15,8692,2520,3243,Strength Training,20,8,Vegan,2025-02-08,16:25:26
U1073,27,Male,195,87,22.73,Moderate,General Wellness,3418,7805,42,9033,1737,3407,Cardio,30,6,Balanced Diet,2025-02-09,16:25:26
U1074,29,Other,189,95,18.6,Moderate,Stress Reduction,3822,11900,23,8345,1255,2851,HIIT,39,8,Balanced Diet,2025-02-01,16:25:26
U1075,25,Male,154,119,21.1,Moderate,Weight Loss,3972,6600,35,9625,1788,2618,Yoga,46,7,Low Carb,2025-02-15,16:25:26
U1076,40,Other,152,101,34.58,Low,Strength Maintenance,3615,14404,32,11534,1532,3937,Pilates,46,7,Vegan,2025-02-16,16:25:26
U1077,59,Male,155,71,32.8,Low,Endurance Improvement,2313,6505,54,8929,1389,3201,Yoga,45,7,Balanced Diet,2025-02-27,16:25:26
U1078,28,Female,167,65,32.78,Low,Fat Loss,2590,3003,32,11499,1777,2507,Yoga,33,7,Balanced Diet,2025-02-27,16:25:26
U1079,54,Other,193,81,34.27,High,Flexibility Improvement,3240,11098,49,9438,2725,3759,Pilates,52,8,Vegan,2025-02-09,16:25:26
U1080,65,Male,176,72,33.37,High,Joint Mobility,2501,6538,11,9028,2086,3004,Cardio,47,8,Low Carb,2025-02-18,16:25:26
U1081,39,Female,169,61,29.84,High,Athletic Performance,3248,14208,21,10624,1711,2844,Strength Training,47,6,Vegan,2025-02-24,16:25:26
U1082,38,Female,196,98,33.78,Low,Metabolism Boost,2149,4225,37,11526,2184,3367,Yoga,44,6,Balanced Diet,2025-03-01,16:25:26
U1083,32,Other,198,62,31.15,High,Postpartum Recovery,3942,6483,54,9736,2009,3914,Cardio,50,8,Low Carb,2025-02-24,16:25:26
U1084,62,Female,179,66,34.33,High,Endurance Improvement,3235,10885,6,9070,2785,3747,Cardio,25,7,Vegan,2025-02-23,16:25:26
U1085,55,Other,188,84,27.41,Low,Weight Loss,2834,12260,25,11885,2982,3930,HIIT,50,6,Vegan,2025-02-17,16:25:26
U1086,22,Male,166,73,21.65,High,Stress Reduction,2018,7806,18,11563,1787,3312,Pilates,27,6,Vegan,2025-02-09,16:25:26
U1087,31,Other,161,62,21.87,Moderate,Cardio Endurance,3716,14291,40,8608,1803,3368,Pilates,23,6,Balanced Diet,2025-02-17,16:25:26
U1088,42,Male,166,78,22.28,High,Endurance Improvement,2561,5808,42,9806,2184,2635,Cardio,56,8,Vegan,2025-02-18,16:25:26
U1089,56,Female,182,88,21.5,Moderate,Muscle Gain,3211,7257,2,10818,2826,3079,Pilates,47,7,High Protein,2025-02-23,16:25:26
U1090,26,Female,173,70,31.94,Moderate,Overall Fitness,3807,12913,49,9706,1641,3788,HIIT,47,7,Vegan,2025-02-27,16:25:26
U1091,35,Other,165,98,28.34,High,Weight Loss,2797,6029,30,8505,2387,2894,Cardio,34,6,Low Carb,2025-01-31,16:25:26
U1092,66,Other,188,117,24.16,Moderate,Joint Mobility,3113,6588,5,9602,2269,3722,Cardio,36,7,High Protein,2025-02-20,16:25:26
U1093,54,Other,185,74,26.89,Low,Core Strengthening,2809,14013,8,10528,2320,3736,HIIT,42,8,Vegan,2025-02-22,16:25:26
U1094,53,Male,159,76,18.96,High,Endurance Improvement,2535,13557,2,9112,2085,3926,Pilates,32,6,High Protein,2025-02-17,16:25:26
U1095,45,Male,176,52,30.78,Moderate,General Wellness,3793,11932,43,10668,2020,3602,Pilates,36,8,Vegan,2025-02-09,16:25:26
U1096,37,Other,161,67,30.94,Moderate,Athletic Performance,3739,8070,54,10112,2222,3688,Pilates,49,6,Low Carb,2025-02-09,16:25:26
U1097,45,Other,167,54,33.91,High,Stress Reduction,3449,3770,46,10447,1901,3969,HIIT,47,7,Low Carb,2025-02-13,16:25:26
U1098,69,Other,172,64,18.36,Low,General Wellness,3074,9058,31,10453,2109,3313,Strength Training,55,7,Low Carb,2025-02-26,16:25:26
U1099,42,Other,186,74,29.98,High,Diabetes Management,3918,5867,32,8311,2406,3729,HIIT,48,6,High Protein,2025-02-15,16:25:26
U1100,27,Female,187,97,26.12,Moderate,Bone Health,2072,6948,25,9941,1284,3707,Yoga,31,6,Balanced Diet,2025-02-10,16:25:26
U1101,38,Female,188,115,33.9,Moderate,Strength Maintenance,2348,7612,41,10091,1879,3173,Pilates,46,6,Vegan,2025-02-10,16:25:26
U1102,22,Male,195,73,27.9,Moderate,Muscle Toning,2294,7611,21,10392,2576,3895,Cardio,47,8,High Protein,2025-02-27,16:25:26
U1103,61,Other,165,86,20.77,Low,Fat Loss,2456,9126,9,11539,2911,3989,Cardio,40,8,Balanced Diet,2025-02-26,16:25:26
U1104,30,Female,164,100,25.4,Moderate,Overall Fitness,2598,5197,42,8878,2747,2818,Strength Training,59,6,Vegan,2025-02-12,16:25:26
U1105,31,Male,172,55,18.82,High,Diabetes Management,2456,14036,10,8361,1357,3513,Cardio,48,8,High Protein,2025-01-30,16:25:26
U1106,49,Female,154,94,34.92,Moderate,Heart Health,3833,5535,24,11204,1649,2744,HIIT,20,8,High Protein,2025-02-01,16:25:26
U1107,29,Female,188,57,25.9,Moderate,Stress Reduction,3337,10004,37,8421,2338,2504,Yoga,36,7,High Protein,2025-02-13,16:25:26
U1108,66,Female,162,63,29.79,Moderate,Postpartum Recovery,2749,11353,10,10645,2176,3542,Strength Training,47,8,Low Carb,2025-02-17,16:25:26
U1109,60,Other,156,57,21.44,High,Metabolism Boost,2408,3746,39,9934,2859,2704,Cardio,23,7,Low Carb,2025-01-31,16:25:26
U1110,30,Other,152,96,34.33,Low,Senior Fitness,3076,10494,12,10815,1240,3245,Yoga,35,6,Vegan,2025-02-04,16:25:26
U1111,33,Female,189,102,33.41,Moderate,Overall Fitness,2164,3315,40,10442,2119,2555,HIIT,42,8,Low Carb,2025-02-07,16:25:26
U1112,35,Other,186,116,31.85,Low,Joint Mobility,3446,13675,0,10249,2664,2800,Strength Training,34,7,High Protein,2025-02-01,16:25:26
U1113,66,Female,178,101,29.29,Low,Cardio Endurance,3278,11449,57,11350,1800,2852,Yoga,46,8,Balanced Diet,2025-02-15,16:25:26
U1114,29,Male,174,104,21.66,High,Post-Injury Recovery,2700,11899,23,8264,1712,3527,Strength Training,50,7,High Protein,2025-02-15,16:25:26
U1115,54,Other,175,60,28.04,Moderate,Muscle Toning,3412,9952,2,11488,1936,3475,Yoga,52,8,Balanced Diet,2025-02-07,16:25:26
U1116,67,Male,152,60,20.31,Low,Post-Injury Recovery,2526,10737,35,9496,1679,3522,HIIT,59,7,High Protein,2025-02-01,16:25:26
U1117,62,Other,173,51,19.73,High,Endurance Improvement,2402,9049,6,8062,1566,3808,Pilates,35,8,Low Carb,2025-02-19,16:25:26
U1118,56,Other,195,87,26.55,Moderate,Bone Health,2410,5412,56,8128,1696,2865,Yoga,51,6,Low Carb,2025-03-01,16:25:26
U1119,36,Female,160,116,28.91,Moderate,Joint Mobility,3184,6850,34,8792,1955,3416,Yoga,59,7,High Protein,2025-02-13,16:25:26
U1120,38,Female,165,52,30.4,Moderate,Muscle Toning,2704,4803,45,8265,1793,2925,Yoga,20,7,Vegan,2025-02-06,16:25:26
U1121,46,Other,159,99,18.21,Low,Core Strengthening,2922,7187,57,11425,1504,3073,Yoga,54,8,Balanced Diet,2025-02-05,16:25:26
U1122,50,Male,191,77,24.84,Moderate,Metabolism Boost,3999,4359,6,8209,2800,3637,Cardio,34,6,Vegan,2025-02-08,16:25:26
U1123,18,Male,180,65,19.48,Low,Overall Fitness,2967,14190,50,8493,1720,3623,Cardio,41,7,High Protein,2025-02-09,16:25:26
U1124,68,Male,182,112,32.8,Low,Diabetes Management,3027,7160,39,11790,2832,2779,Cardio,30,7,Vegan,2025-02-01,16:25:26
U1125,64,Female,173,70,29.35,High,Senior Fitness,2554,6734,47,8751,2068,3733,Yoga,27,6,Low Carb,2025-02-15,16:25:26
U1126,22,Female,192,71,23.57,Low,Overall Fitness,3176,13767,35,10121,2641,3552,Yoga,43,7,Balanced Diet,2025-02-16,16:25:26
U1127,59,Female,151,109,25.08,Low,Muscle Gain,2312,3706,16,8901,1721,3413,Pilates,37,7,Low Carb,2025-02-27,16:25:26
U1128,33,Female,163,98,19.9,Low,Heart Health,2519,4175,59,9209,2954,3639,HIIT,59,6,Vegan,2025-02-27,16:25:26
U1129,27,Male,167,70,29.47,Low,Post-Injury Recovery,2436,5351,43,11309,1416,3469,Cardio,56,8,Low Carb,2025-02-09,16:25:26
U1130,68,Female,162,57,30.34,Moderate,Heart Health,2190,11552,28,9722,1556,2747,Strength Training,43,7,Vegan,2025-02-18,16:25:26
U1131,42,Female,186,59,31.29,Low,Stress Reduction,2430,12401,49,10500,2666,2611,Cardio,32,6,Balanced Diet,2025-02-24,16:25:26
U1132,40,Other,188,116,32.63,Low,Muscle Gain,3173,7105,7,11926,2670,3867,Yoga,46,6,Balanced Diet,2025-03-01,16:25:26
U1133,20,Other,151,113,27.36,Moderate,Diabetes Management,3075,5058,50,9005,1614,3856,Yoga,33,6,Vegan,2025-02-24,16:25:26
U1134,33,Female,160,109,23.04,High,Senior Fitness,2058,13353,58,10878,2391,3477,Cardio,30,6,Vegan,2025-02-23,16:25:26
U1135,44,Other,162,75,28.54,High,Heart Health,2155,7238,51,11215,2619,2670,Cardio,50,7,Low Carb,2025-02-17,16:25:26
U1136,64,Male,195,72,29.24,High,Weight Loss,3190,3365,51,9217,2609,3869,Pilates,38,6,Balanced Diet,2025-02-09,16:25:26
U1137,18,Other,161,105,22.31,Moderate,Joint Mobility,3335,13070,15,8471,1707,2704,Yoga,21,6,Balanced Diet,2025-02-17,16:25:26
U1138,62,Other,164,93,30.17,High,Endurance Improvement,3512,8836,43,9992,1875,2618,Strength Training,33,6,Low Carb,2025-02-18,16:25:26
U1139,59,Male,162,69,29.1,Moderate,Joint Mobility,3370,4480,17,11750,1427,2693,HIIT,24,6,Vegan,2025-02-23,16:25:26
U1140,45,Male,166,61,25.15,High,Weight Loss,3614,3750,23,9709,2000,2555,Yoga,44,7,Balanced Diet,2025-02-27,16:25:26
U1141,69,Female,190,84,29.42,High,Endurance Improvement,3215,9481,58,10906,2470,2956,Pilates,21,8,High Protein,2025-01-31,16:25:26
U1142,59,Female,153,115,30.93,High,Post-Injury Recovery,3178,12782,57,8303,2355,2699,Strength Training,32,8,High Protein,2025-02-20,16:25:26
U1143,35,Female,195,111,26.47,High,Joint Mobility,3861,9377,24,9544,1960,3173,HIIT,52,8,Low Carb,2025-02-22,16:25:26
U1144,55,Male,177,90,19.95,Moderate,General Wellness,2448,10371,15,10090,1806,3505,Yoga,48,8,Low Carb,2025-02-17,16:25:26
U1145,64,Male,150,103,30.07,Low,Overall Fitness,2186,10912,7,11267,1684,3852,Strength Training,36,8,Low Carb,2025-02-09,16:25:26
U1146,27,Male,176,99,20.67,Moderate,Muscle Gain,3654,11933,1,11308,1896,3024,HIIT,40,7,High Protein,2025-02-09,16:25:26
U1147,53,Male,193,89,23.48,High,Muscle Gain,3507,3637,1,9684,1582,2577,Cardio,58,6,Low Carb,2025-02-13,16:25:26
U1148,26,Male,160,90,25.3,Moderate,Bone Health,2356,5819,15,8148,1752,2937,Cardio,32,8,Low Carb,2025-02-26,16:25:26
U1149,47,Male,177,66,25.29,Low,Strength Maintenance,2737,14244,20,11498,2174,2522,Pilates,31,6,Low Carb,2025-02-15,16:25:26
U1150,67,Female,173,79,18.17,Low,Metabolism Boost,3407,3734,0,8578,2843,3361,Pilates,32,8,High Protein,2025-02-10,16:25:26
U1151,64,Female,190,92,22.62,Low,Post-Injury Recovery,2879,5615,55,9371,1930,3830,Strength Training,46,6,Vegan,2025-02-10,16:25:26
U1152,58,Male,193,117,21.28,Moderate,Metabolism Boost,2771,3333,48,11436,2387,3017,HIIT,43,7,Balanced Diet,2025-02-27,16:25:26
U1153,67,Female,187,78,33.78,Low,Muscle Gain,3959,3167,16,9621,1363,3676,HIIT,50,6,High Protein,2025-02-26,16:25:26
U1154,20,Female,154,116,28.8,Low,Athletic Performance,2575,3014,50,10098,2741,3084,Yoga,52,7,Low Carb,2025-02-12,16:25:26
U1155,22,Male,192,52,19.76,Low,Bone Health,3793,12777,26,9530,1329,2621,HIIT,33,6,High Protein,2025-01-30,16:25:26
U1156,34,Other,173,113,25.48,High,Flexibility Improvement,2238,3607,54,9988,1900,3787,Yoga,55,8,Balanced Diet,2025-02-01,16:25:26
U1157,64,Female,195,96,31.1,High,Stress Reduction,3878,11928,44,9515,1300,3980,Cardio,41,8,High Protein,2025-02-13,16:25:26
U1158,66,Female,154,106,22.58,High,Stress Reduction,3191,11513,50,9908,1915,3893,Cardio,51,7,Low Carb,2025-02-17,16:25:26
U1159,42,Female,191,54,24.74,Low,Endurance Improvement,2634,14107,50,8315,1223,3616,HIIT,38,7,Low Carb,2025-01-31,16:25:26
U1160,44,Male,150,64,33.53,High,Core Strengthening,3034,7179,47,8100,2356,2985,Pilates,59,8,High Protein,2025-02-04,16:25:26
U1161,18,Male,172,99,19.53,Low,Heart Health,2486,6597,25,9257,1651,2737,Yoga,36,8,Balanced Diet,2025-02-07,16:25:26
U1162,32,Female,150,75,18.42,Moderate,Strength Maintenance,3609,13784,11,9133,1353,2616,Strength Training,58,6,Low Carb,2025-02-01,16:25:26
U1163,46,Other,188,70,31.56,High,Overall Fitness,2532,11422,52,8849,1275,3041,Cardio,32,8,Vegan,2025-02-15,16:25:26
U1164,35,Male,198,112,18.74,Low,Senior Fitness,2290,6540,26,9304,2303,3709,HIIT,53,7,Vegan,2025-02-15,16:25:26
U1165,66,Female,176,90,21.03,High,Overall Fitness,2191,11443,43,9455,1515,3651,Cardio,24,8,Balanced Diet,2025-02-07,16:25:26
U1166,39,Other,167,87,28.77,Moderate,Weight Loss,3709,3226,45,11268,2257,2634,Cardio,39,6,Vegan,2025-02-01,16:25:26
U1167,50,Other,169,97,23.8,Moderate,Core Strengthening,2215,12519,17,8593,2544,2546,Cardio,33,6,Low Carb,2025-02-19,16:25:26
U1168,64,Other,175,105,24.7,High,Strength Maintenance,3922,12172,52,8589,1303,3167,HIIT,58,6,High Protein,2025-03-01,16:25:26
U1169,59,Other,157,107,20.1,Low,Endurance Improvement,3674,5959,56,10855,2424,2545,Pilates,54,7,Vegan,2025-02-13,16:25:26
U1170,19,Other,195,61,28.56,Low,Stress Reduction,2841,11817,8,10913,1542,3347,Cardio,20,6,Vegan,2025-02-06,16:25:26
U1171,56,Female,153,109,19.78,High,Metabolism Boost,3452,7747,10,8631,1461,3966,Pilates,54,7,Vegan,2025-02-05,16:25:26
U1172,30,Other,192,105,34.57,Moderate,Heart Health,2379,9459,14,10834,2308,2796,Pilates,30,8,Low Carb,2025-02-08,16:25:26
U1173,59,Other,154,92,34.82,Low,Postpartum Recovery,2983,5736,40,11944,1623,3223,HIIT,39,8,Balanced Diet,2025-02-09,16:25:26
U1174,18,Female,180,58,20.24,Low,Postpartum Recovery,3145,3390,35,10531,1640,2938,HIIT,24,7,Balanced Diet,2025-02-01,16:25:26
U1175,32,Female,199,90,22.57,Moderate,Overall Fitness,3317,5910,57,11003,2504,3279,Yoga,26,8,Vegan,2025-02-15,16:25:26
U1176,65,Male,184,73,24.84,High,Flexibility Improvement,2173,7298,44,11605,2683,3154,HIIT,32,6,Vegan,2025-02-16,16:25:26
U1177,23,Other,188,75,28.7,Low,Endurance Improvement,2164,7591,56,9628,2303,2560,Pilates,57,7,Balanced Diet,2025-02-27,16:25:26
U1178,47,Female,195,58,27.39,Low,Stress Reduction,3838,6963,24,10978,2225,2671,Pilates,42,8,Low Carb,2025-02-27,16:25:26
U1179,35,Other,184,64,26.68,Low,Core Strengthening,3709,11035,1,9378,2656,2695,Cardio,58,6,Balanced Diet,2025-02-09,16:25:26
U1180,54,Female,176,74,24.63,Low,Metabolism Boost,3236,3552,12,11751,2321,3098,Strength Training,25,8,High Protein,2025-02-18,16:25:26
U1181,54,Other,158,62,29.93,High,Bone Health,3472,9156,19,9223,2513,3561,Pilates,23,6,Vegan,2025-02-24,16:25:26
U1182,29,Female,190,80,22.23,High,Core Strengthening,2220,13793,4,11153,1862,2584,Cardio,22,6,High Protein,2025-03-01,16:25:26
U1183,52,Female,168,93,20.12,Moderate,Cardio Endurance,3700,8896,40,8139,1595,2947,HIIT,29,8,Low Carb,2025-02-24,16:25:26
U1184,29,Other,158,64,31.79,Moderate,Metabolism Boost,2190,9317,51,9999,2902,3979,Yoga,56,6,Low Carb,2025-02-23,16:25:26
U1185,67,Female,197,94,31.6,Moderate,Muscle Toning,2121,14901,58,8735,1584,3994,Pilates,27,8,Balanced Diet,2025-02-17,16:25:26
U1186,45,Male,153,83,29.47,Moderate,Stress Reduction,2950,3677,6,9871,1443,2697,Cardio,40,8,Vegan,2025-02-09,16:25:26
U1187,42,Other,163,73,26.4,Moderate,Athletic Performance,3891,4929,22,9744,2342,3886,Strength Training,52,7,Balanced Diet,2025-02-17,16:25:26
U1188,38,Male,178,84,24.84,High,Core Strengthening,2573,10230,11,10722,2537,3804,HIIT,34,6,Vegan,2025-02-18,16:25:26
U1189,67,Male,182,90,33.42,High,Heart Health,2055,8320,17,8951,1894,3274,Pilates,24,8,Low Carb,2025-02-23,16:25:26
U1190,28,Other,194,110,34.45,High,Post-Injury Recovery,2087,9103,19,8047,2856,2809,Cardio,37,6,Balanced Diet,2025-02-27,16:25:26
U1191,25,Other,156,69,33.68,High,Athletic Performance,2181,6031,6,8910,1541,3985,Pilates,52,7,High Protein,2025-01-31,16:25:26
U1192,62,Male,186,64,31.5,High,Core Strengthening,3155,9076,17,10322,1428,3039,Strength Training,55,8,Low Carb,2025-02-20,16:25:26
U1193,38,Other,186,68,34.33,Low,Muscle Gain,2801,12678,54,9571,1713,3297,HIIT,47,6,Balanced Diet,2025-02-22,16:25:26
U1194,65,Other,199,58,32.32,Moderate,Overall Fitness,3436,13157,14,10684,1400,3713,Strength Training,34,8,Balanced Diet,2025-02-17,16:25:26
U1195,49,Male,198,80,22.5,High,Joint Mobility,2258,11740,31,9554,2706,3782,Pilates,55,6,Balanced Diet,2025-02-09,16:25:26
U1196,25,Male,179,85,20.84,Moderate,Weight Loss,2117,4319,13,11408,2741,3117,Pilates,57,6,Low Carb,2025-02-09,16:25:26
U1197,47,Other,164,54,31.58,High,Joint Mobility,2393,13442,55,10046,1363,2649,Strength Training,52,8,Low Carb,2025-02-13,16:25:26
U1198,21,Female,186,99,24.65,Moderate,Muscle Toning,2826,11324,59,9440,1502,3812,Cardio,40,8,Low Carb,2025-02-26,16:25:26
U1199,45,Male,168,51,21.13,High,Post-Injury Recovery,2500,11001,0,9725,2125,3931,HIIT,39,8,Vegan,2025-02-15,16:25:26
U1200,26,Other,182,93,23.12,Low,Strength Maintenance,3494,4927,35,8340,1483,3616,Cardio,31,6,High Protein,2025-02-10,16:25:26
U1201,30,Female,156,106,28.26,High,Senior Fitness,2590,11304,56,11308,1214,3204,Cardio,23,8,Vegan,2025-02-10,16:25:26
U1202,57,Female,150,98,29.3,Low,Muscle Toning,3707,3500,18,9464,2302,2992,Strength Training,21,6,Low Carb,2025-02-27,16:25:26
U1203,32,Female,184,83,29.08,Moderate,Metabolism Boost,3185,10443,27,10872,2993,3776,Yoga,46,8,Vegan,2025-02-26,16:25:26
U1204,25,Other,188,107,24.67,Moderate,Heart Health,2467,13002,26,11040,1320,3437,Cardio,51,6,Low Carb,2025-02-12,16:25:26
U1205,66,Female,184,110,34.02,Low,Senior Fitness,2595,5657,20,8719,2854,3952,Pilates,23,6,Low Carb,2025-01-30,16:25:26
U1206,42,Female,173,74,20.14,Moderate,General Wellness,2206,5484,45,8169,2064,2512,Strength Training,56,6,Low Carb,2025-02-01,16:25:26
U1207,60,Female,160,51,20.19,Moderate,Strength Maintenance,2337,6848,38,8136,2686,3019,HIIT,30,7,Low Carb,2025-02-13,16:25:26
U1208,26,Female,178,70,28.84,High,Bone Health,3360,8340,10,9947,2217,3042,Yoga,22,8,Low Carb,2025-02-17,16:25:26
U1209,35,Female,193,54,28.82,High,Heart Health,2592,13591,42,10988,1357,2751,HIIT,50,7,Vegan,2025-01-31,16:25:26
U1210,34,Female,185,116,25.16,Low,Athletic Performance,2641,12601,37,8735,1389,2566,Strength Training,57,6,Low Carb,2025-02-04,16:25:26
U1211,61,Other,150,106,32.87,High,Fat Loss,3303,7419,17,9370,2149,2991,Strength Training,22,6,Low Carb,2025-02-07,16:25:26
U1212,32,Female,187,71,22.47,Low,Flexibility Improvement,3265,3092,26,9601,2855,2567,HIIT,29,6,Low Carb,2025-02-01,16:25:26
U1213,57,Female,188,73,25.06,High,Core Strengthening,3759,8130,35,8582,2107,2696,HIIT,48,6,Balanced Diet,2025-02-15,16:25:26
U1214,67,Other,170,90,26.39,High,Heart Health,3583,11392,59,9312,2491,3217,Cardio,37,8,Balanced Diet,2025-02-15,16:25:26
U1215,35,Other,178,67,27.83,High,Metabolism Boost,2275,6795,27,11218,1995,3321,Pilates,23,6,Low Carb,2025-02-07,16:25:26
U1216,19,Female,194,117,31.03,High,Heart Health,2831,8724,24,8850,1276,2828,Yoga,25,6,Vegan,2025-02-01,16:25:26
U1217,57,Male,199,105,28.87,Moderate,Muscle Toning,2399,14229,18,11993,1701,2633,Cardio,54,6,Balanced Diet,2025-02-19,16:25:26
U1218,58,Male,164,66,23.4,Low,Overall Fitness,3142,11379,24,9855,2147,3166,Pilates,46,8,Balanced Diet,2025-03-01,16:25:26
U1219,61,Male,198,62,27.68,Low,Joint Mobility,3425,7795,59,8771,2563,3773,Yoga,32,8,Balanced Diet,2025-02-13,16:25:26
U1220,53,Male,172,96,22.19,Moderate,Weight Loss,3365,9620,50,9990,2197,3854,Strength Training,58,7,Vegan,2025-02-06,16:25:26
U1221,59,Female,198,65,33.11,Moderate,Muscle Toning,3792,9435,54,10469,2744,2790,Pilates,58,7,Vegan,2025-02-05,16:25:26
U1222,42,Other,185,119,26.59,High,Post-Injury Recovery,2398,3740,1,9221,2219,3562,Strength Training,28,8,Low Carb,2025-02-08,16:25:26
U1223,51,Male,185,110,21.33,High,Weight Loss,2494,11517,11,9897,1733,3420,HIIT,20,8,Vegan,2025-02-09,16:25:26
U1224,40,Other,196,116,24.69,Moderate,Overall Fitness,2633,13979,29,9011,2067,3395,Strength Training,34,6,Vegan,2025-02-01,16:25:26
U1225,42,Female,178,102,25.28,Moderate,Endurance Improvement,3608,6238,19,11117,1825,2860,Cardio,45,6,Low Carb,2025-02-15,16:25:26
U1226,45,Female,150,50,26.14,Low,Muscle Gain,3183,12707,29,11276,2672,3545,Pilates,55,6,High Protein,2025-02-16,16:25:26
U1227,25,Male,180,107,29.23,High,Muscle Gain,2448,9455,36,11117,1461,3207,HIIT,23,6,Vegan,2025-02-27,16:25:26
U1228,53,Male,170,89,22.74,Moderate,Post-Injury Recovery,2329,8754,47,11272,1652,2508,HIIT,22,7,Vegan,2025-02-27,16:25:26
U1229,61,Female,190,57,25.13,Low,Stress Reduction,3136,3234,59,8903,2226,2840,HIIT,50,7,High Protein,2025-02-09,16:25:26
U1230,22,Other,159,66,24.9,Low,Muscle Gain,2767,12817,11,9659,2583,3855,Strength Training,25,7,Low Carb,2025-02-18,16:25:26
U1231,61,Female,186,64,30.56,Low,Postpartum Recovery,2616,13124,7,11688,2750,3831,Yoga,48,7,Low Carb,2025-02-24,16:25:26
U1232,34,Other,188,82,25.68,High,Senior Fitness,2957,11694,2,9659,2188,2728,Pilates,27,7,Balanced Diet,2025-03-01,16:25:26
U1233,21,Female,175,84,22.94,Moderate,Stress Reduction,2785,6038,22,11488,2118,2584,Yoga,35,8,Balanced Diet,2025-02-24,16:25:26
U1234,56,Male,159,95,23.36,Low,Endurance Improvement,3370,12315,27,9554,2618,3577,Cardio,21,7,Vegan,2025-02-23,16:25:26
U1235,57,Male,169,57,19.51,Moderate,Senior Fitness,2925,14393,26,8720,2436,3134,Strength Training,36,6,Balanced Diet,2025-02-17,16:25:26
U1236,43,Other,166,86,25.88,Low,Bone Health,2044,3622,20,8416,1872,3830,HIIT,26,6,Vegan,2025-02-09,16:25:26
U1237,21,Female,153,119,20.02,Moderate,Heart Health,3251,3534,8,8450,1770,3596,Cardio,26,7,Vegan,2025-02-17,16:25:26
U1238,20,Other,174,92,29.08,Low,Strength Maintenance,2025,6544,7,9203,1723,3157,Pilates,32,6,Vegan,2025-02-18,16:25:26
U1239,40,Female,193,89,18.28,Low,Cardio Endurance,3843,8958,8,8310,2805,3740,Yoga,52,7,High Protein,2025-02-23,16:25:26
U1240,53,Male,157,82,28.11,High,Heart Health,2159,6841,44,8484,1901,3239,Pilates,37,8,Vegan,2025-02-27,16:25:26
U1241,20,Female,164,54,28.31,Low,Joint Mobility,3840,12886,3,9071,1950,3381,Strength Training,44,7,Low Carb,2025-01-31,16:25:26
U1242,33,Other,160,78,28.23,High,Athletic Performance,2504,10308,46,10041,2724,3606,Cardio,36,6,Low Carb,2025-02-20,16:25:26
U1243,68,Male,163,72,32.08,Low,Senior Fitness,3703,4734,12,11059,1698,3167,Cardio,49,6,High Protein,2025-02-22,16:25:26
U1244,33,Male,192,56,32.27,High,Cardio Endurance,3215,9358,35,8752,1279,3705,Pilates,45,6,Balanced Diet,2025-02-17,16:25:26
U1245,28,Other,190,88,19.44,Low,Heart Health,2475,4744,22,8425,1270,3065,Pilates,53,8,Low Carb,2025-02-09,16:25:26
U1246,59,Female,165,53,23.77,High,Strength Maintenance,3685,4197,46,11545,1854,3485,Strength Training,23,6,Low Carb,2025-02-09,16:25:26
U1247,43,Female,163,91,21.23,Moderate,Senior Fitness,2475,8222,53,9832,1255,3092,Cardio,39,7,Vegan,2025-02-13,16:25:26
U1248,48,Other,150,103,22.52,Low,Stress Reduction,2131,11081,20,9460,1739,3218,Cardio,48,6,Balanced Diet,2025-02-26,16:25:26
U1249,34,Male,192,101,19.78,Moderate,Postpartum Recovery,3087,5117,0,8067,1590,3646,Pilates,47,7,Low Carb,2025-02-15,16:25:26
U1250,53,Female,159,104,19.77,High,Muscle Toning,2764,9998,22,10866,2311,3199,HIIT,26,6,Low Carb,2025-02-10,16:25:26
U1251,57,Female,187,78,33.28,Low,Muscle Toning,2377,4240,26,8605,2077,3311,Yoga,51,6,Vegan,2025-02-10,16:25:26
U1252,30,Female,182,94,20.51,High,Fat Loss,2150,12779,35,9831,1608,3213,Yoga,26,8,High Protein,2025-02-27,16:25:26
U1253,54,Male,185,69,34.1,Low,Fat Loss,3700,7132,3,11730,2657,3216,Cardio,47,7,Vegan,2025-02-26,16:25:26
U1254,40,Other,198,50,26.39,Moderate,Postpartum Recovery,2276,8852,37,11695,2656,3760,Strength Training,28,7,Low Carb,2025-02-12,16:25:26
U1255,41,Male,190,87,19.82,Low,Muscle Toning,3147,9264,7,10181,1584,2691,Cardio,36,7,Balanced Diet,2025-01-30,16:25:26
U1256,50,Other,183,112,31.19,High,Postpartum Recovery,3129,14413,5,11324,2076,3331,HIIT,23,7,Vegan,2025-02-01,16:25:26
U1257,52,Female,153,95,23.17,Moderate,Endurance Improvement,3134,14020,8,8858,2113,3756,Strength Training,29,6,Vegan,2025-02-13,16:25:26
U1258,20,Male,162,62,21.09,Low,Stress Reduction,2745,9764,20,9625,1505,3796,Pilates,37,6,Vegan,2025-02-17,16:25:26
U1259,48,Female,174,63,24.44,High,Flexibility Improvement,2618,8262,49,9695,2909,3579,HIIT,43,8,Vegan,2025-01-31,16:25:26
U1260,69,Male,165,57,30.49,Low,Stress Reduction,3873,13249,6,9654,1482,3270,HIIT,24,7,Vegan,2025-02-04,16:25:26
U1261,21,Male,192,90,26.91,Low,Athletic Performance,3013,11431,28,9281,2756,2728,Strength Training,53,6,Vegan,2025-02-07,16:25:26
U1262,57,Male,177,117,30.46,Moderate,Overall Fitness,3737,14653,57,9380,1525,3219,Strength Training,20,8,Vegan,2025-02-01,16:25:26
U1263,20,Female,169,113,23.4,High,Flexibility Improvement,3405,7765,49,8699,1311,3592,Pilates,36,6,Vegan,2025-02-15,16:25:26
U1264,38,Female,160,103,31,Low,Bone Health,3136,9918,16,8130,2167,2585,Pilates,34,8,Balanced Diet,2025-02-15,16:25:26
U1265,31,Other,174,65,24.15,High,General Wellness,2620,14034,45,11223,2700,3727,Yoga,52,7,High Protein,2025-02-07,16:25:26
U1266,52,Female,197,103,32.52,Moderate,Overall Fitness,2048,14372,8,11900,2629,3044,Strength Training,29,7,High Protein,2025-02-01,16:25:26
U1267,49,Male,177,119,20.75,High,Weight Loss,3691,7965,31,8535,2152,2884,HIIT,25,7,Balanced Diet,2025-02-19,16:25:26
U1268,38,Male,174,76,32.9,Low,Metabolism Boost,3610,8022,32,10964,1466,3326,HIIT,39,6,Balanced Diet,2025-03-01,16:25:26
U1269,67,Female,163,108,32.19,Moderate,Weight Loss,2293,13935,48,9391,2201,3953,HIIT,58,7,Balanced Diet,2025-02-13,16:25:26
U1270,55,Female,191,114,25.07,Low,Athletic Performance,2094,14103,23,11414,1511,3455,Pilates,39,7,Balanced Diet,2025-02-06,16:25:26
U1271,40,Female,187,106,33.15,Moderate,Metabolism Boost,3404,3854,25,9909,1344,3207,Yoga,42,8,Balanced Diet,2025-02-05,16:25:26
U1272,18,Male,176,56,28.02,Low,Muscle Toning,3265,9217,29,10367,1502,3806,Strength Training,31,6,Vegan,2025-02-08,16:25:26
U1273,61,Female,175,104,26.45,Low,Muscle Gain,3188,3317,2,8800,2512,2928,Yoga,57,8,Low Carb,2025-02-09,16:25:26
U1274,34,Female,198,78,34.44,High,Post-Injury Recovery,3149,14053,35,8313,2232,3591,Cardio,56,7,Low Carb,2025-02-01,16:25:26
U1275,24,Other,164,92,25.61,High,Diabetes Management,3287,7458,57,9301,1931,2984,Cardio,47,6,High Protein,2025-02-15,16:25:26
U1276,33,Other,154,117,31.27,Moderate,Metabolism Boost,2966,6189,45,9342,2239,3730,HIIT,43,6,Vegan,2025-02-16,16:25:26
U1277,62,Female,170,63,24.27,High,Metabolism Boost,3678,13573,2,8414,2195,3318,Pilates,45,8,Vegan,2025-02-27,16:25:26
U1278,50,Male,176,57,21.02,High,Flexibility Improvement,2638,4917,31,9843,2111,3029,Yoga,52,6,Vegan,2025-02-27,16:25:26
U1279,50,Female,190,100,31.38,Moderate,Flexibility Improvement,3995,8279,38,10445,2884,2750,Cardio,21,8,Balanced Diet,2025-02-09,16:25:26
U1280,62,Female,158,90,21.95,High,Endurance Improvement,2693,13553,4,8604,2497,3108,Pilates,41,8,Balanced Diet,2025-02-18,16:25:26
U1281,59,Male,171,100,25.06,Low,Postpartum Recovery,3432,6551,56,10732,2045,3821,HIIT,41,6,High Protein,2025-02-24,16:25:26
U1282,41,Male,184,104,25.64,Low,Stress Reduction,3640,11372,53,11286,2712,3462,Strength Training,56,6,High Protein,2025-03-01,16:25:26
U1283,66,Other,198,81,30.28,Moderate,Heart Health,3423,3447,59,9072,2541,2950,HIIT,36,6,Balanced Diet,2025-02-24,16:25:26
U1284,59,Female,194,104,29.76,Low,Fat Loss,3031,7215,35,11735,2823,3111,HIIT,49,6,Balanced Diet,2025-02-23,16:25:26
U1285,28,Male,189,78,20.51,Low,Metabolism Boost,3126,8153,13,11586,1587,2513,Cardio,53,7,Vegan,2025-02-17,16:25:26
U1286,39,Other,169,83,28.23,Low,Muscle Toning,2976,3012,42,8037,2008,2819,Cardio,26,7,High Protein,2025-02-09,16:25:26
U1287,39,Other,180,94,29.01,Low,Metabolism Boost,3083,9927,1,10054,1283,3877,HIIT,22,8,Vegan,2025-02-17,16:25:26
U1288,57,Female,191,93,30.35,High,Strength Maintenance,2257,6457,44,9101,1767,2706,Cardio,36,7,Balanced Diet,2025-02-18,16:25:26
U1289,24,Male,150,90,28.11,High,Diabetes Management,2907,8620,35,8818,1268,3723,Yoga,28,8,Low Carb,2025-02-23,16:25:26
U1290,65,Female,150,119,27.39,Low,General Wellness,2814,7299,52,11805,2143,2904,Cardio,43,6,Low Carb,2025-02-27,16:25:26
U1291,57,Other,170,114,22.05,Moderate,Strength Maintenance,2918,12194,32,9751,2949,3413,Cardio,57,6,Vegan,2025-01-31,16:25:26
U1292,21,Female,176,55,26.24,High,Muscle Toning,2354,8182,33,8451,2055,3121,HIIT,55,7,High Protein,2025-02-20,16:25:26
U1293,67,Female,184,93,34.91,Moderate,Cardio Endurance,2700,9644,44,10451,2497,3281,Yoga,25,6,High Protein,2025-02-22,16:25:26
U1294,63,Female,195,96,33.42,Low,Endurance Improvement,3509,13406,22,11205,1916,2598,Pilates,58,6,High Protein,2025-02-17,16:25:26
U1295,66,Male,164,96,18.17,High,Stress Reduction,3722,9714,36,9401,1766,2888,HIIT,34,7,High Protein,2025-02-09,16:25:26
U1296,23,Female,173,104,29.24,High,Diabetes Management,3479,14058,13,9594,2317,3668,Cardio,28,6,High Protein,2025-02-09,16:25:26
U1297,36,Male,180,92,34.77,High,Metabolism Boost,2121,5571,41,9699,2063,2700,Strength Training,44,6,High Protein,2025-02-13,16:25:26
U1298,27,Female,175,89,26.43,Moderate,Core Strengthening,2313,6552,2,11493,1882,3427,Pilates,32,7,Balanced Diet,2025-02-26,16:25:26
U1299,49,Female,179,114,19.79,High,Overall Fitness,2502,5621,30,10457,2958,2860,Pilates,55,8,High Protein,2025-02-15,16:25:26
U1300,19,Other,158,66,28.61,Moderate,Weight Loss,2924,6242,28,9459,1252,3382,Yoga,31,7,High Protein,2025-02-10,16:25:26
U1301,23,Male,173,118,34.09,High,Bone Health,2807,9060,36,11345,2711,2912,Strength Training,47,7,High Protein,2025-02-10,16:25:26
U1302,36,Female,195,72,23.2,Moderate,Muscle Gain,3045,7193,13,10072,2839,3065,Pilates,26,8,Low Carb,2025-02-27,16:25:26
U1303,33,Other,185,62,27.26,Low,Post-Injury Recovery,2641,14287,58,10635,2860,2596,Pilates,48,7,Balanced Diet,2025-02-26,16:25:26
U1304,20,Female,179,74,31.19,Moderate,Fat Loss,2151,3224,19,11320,2919,3473,Cardio,41,8,High Protein,2025-02-12,16:25:26
U1305,39,Other,198,63,34.35,Moderate,Strength Maintenance,3549,12357,19,9472,1817,3622,Strength Training,35,6,High Protein,2025-01-30,16:25:26
U1306,30,Female,177,77,32.48,High,Core Strengthening,2258,12595,26,11162,2039,2934,Yoga,29,7,Balanced Diet,2025-02-01,16:25:26
U1307,41,Male,172,59,34.99,Low,Flexibility Improvement,3696,14830,0,10733,1567,2922,Strength Training,52,8,Balanced Diet,2025-02-13,16:25:26
U1308,51,Other,160,77,28.16,Moderate,General Wellness,3784,7857,42,11352,2539,3757,Yoga,45,8,High Protein,2025-02-17,16:25:26
U1309,58,Female,192,87,32.72,Moderate,Core Strengthening,2171,11240,0,10889,1733,2741,Strength Training,27,7,Low Carb,2025-01-31,16:25:26
U1310,45,Female,168,108,21.02,Low,Joint Mobility,3132,9817,25,11896,1650,2650,Cardio,50,7,Vegan,2025-02-04,16:25:26
U1311,31,Female,175,112,24.8,Low,Postpartum Recovery,2673,10965,39,10613,2290,2794,Yoga,53,6,High Protein,2025-02-07,16:25:26
U1312,24,Other,170,78,23.95,High,Muscle Gain,2651,6331,12,9755,2950,2675,Strength Training,45,7,High Protein,2025-02-01,16:25:26
U1313,36,Other,150,99,29.65,High,Heart Health,2183,5328,42,9128,2308,2580,Strength Training,36,8,Low Carb,2025-02-15,16:25:26
U1314,57,Other,166,95,22,Low,Post-Injury Recovery,2312,3035,13,10679,2306,3414,HIIT,39,8,High Protein,2025-02-15,16:25:26
U1315,44,Male,196,119,28.44,Low,Fat Loss,2920,11435,30,10782,1745,3804,Pilates,31,8,Low Carb,2025-02-07,16:25:26
U1316,23,Male,169,119,25.78,Moderate,Post-Injury Recovery,2227,8731,19,10116,1985,2799,Cardio,28,8,Low Carb,2025-02-01,16:25:26
U1317,61,Female,181,72,18.69,High,Overall Fitness,3005,10251,30,10033,2734,3929,Cardio,46,8,Low Carb,2025-02-19,16:25:26
U1318,60,Female,172,91,23.87,High,Post-Injury Recovery,3883,13736,41,10166,2360,3504,Pilates,29,7,Vegan,2025-03-01,16:25:26
U1319,43,Male,191,51,27.88,Low,Strength Maintenance,2710,5374,25,8395,2178,2637,HIIT,49,8,Balanced Diet,2025-02-13,16:25:26
U1320,19,Male,198,98,29.17,Moderate,Endurance Improvement,3816,9256,20,11673,2178,2666,Cardio,59,8,High Protein,2025-02-06,16:25:26
U1321,54,Female,165,72,25.38,Moderate,Strength Maintenance,3176,5844,44,11017,2581,3575,Yoga,43,6,High Protein,2025-02-05,16:25:26
U1322,41,Male,162,82,19.31,High,Postpartum Recovery,2955,10702,14,11934,2481,2953,Cardio,54,8,Low Carb,2025-02-08,16:25:26
U1323,63,Male,168,61,23.56,High,Core Strengthening,3147,14107,37,8416,2976,2647,Cardio,41,7,Low Carb,2025-02-09,16:25:26
U1324,44,Other,177,74,31,Moderate,Flexibility Improvement,2205,11322,4,8171,2543,2640,HIIT,32,8,Low Carb,2025-02-01,16:25:26
U1325,45,Male,153,71,31.15,High,Fat Loss,3000,10003,6,9651,1681,3694,Pilates,21,8,Low Carb,2025-02-15,16:25:26
U1326,23,Male,190,58,31.3,High,Athletic Performance,2808,5158,40,11362,2986,3471,Yoga,38,7,Low Carb,2025-02-16,16:25:26
U1327,68,Female,183,54,28.94,Low,Postpartum Recovery,3615,10434,48,11297,2288,2704,Strength Training,36,8,Vegan,2025-02-27,16:25:26
U1328,54,Male,180,107,21.98,Moderate,Post-Injury Recovery,2332,11204,51,11780,2497,2599,Pilates,47,6,High Protein,2025-02-27,16:25:26
U1329,28,Other,160,116,26.9,Moderate,General Wellness,2152,8181,1,8383,1479,3744,Yoga,48,6,High Protein,2025-02-09,16:25:26
U1330,40,Female,150,81,25.19,Moderate,Weight Loss,2047,7076,6,11640,2652,3845,HIIT,53,7,Vegan,2025-02-18,16:25:26
U1331,19,Male,170,84,19.13,High,Stress Reduction,3587,14405,25,8527,1480,3915,Pilates,35,6,Vegan,2025-02-24,16:25:26
U1332,33,Female,184,51,22.47,Moderate,Joint Mobility,2175,10244,1,10316,1825,3070,HIIT,28,7,Balanced Diet,2025-03-01,16:25:26
U1333,63,Other,197,106,18.04,Moderate,Muscle Gain,3828,7477,30,10915,1600,3614,Pilates,34,8,Low Carb,2025-02-24,16:25:26
U1334,65,Male,168,72,20.51,Moderate,Endurance Improvement,2666,10543,2,9466,1520,3719,Yoga,55,7,Balanced Diet,2025-02-23,16:25:26
U1335,19,Female,156,57,21.79,High,Muscle Toning,2923,6675,12,8766,2165,3585,Yoga,54,7,Balanced Diet,2025-02-17,16:25:26
U1336,58,Female,155,115,31.37,Moderate,Endurance Improvement,2526,6737,2,9918,2842,2684,Strength Training,28,8,Low Carb,2025-02-09,16:25:26
U1337,23,Female,151,80,34.24,Moderate,General Wellness,3302,12689,37,11271,1799,2707,Pilates,40,6,Balanced Diet,2025-02-17,16:25:26
U1338,63,Male,193,63,33.54,High,Muscle Gain,2567,12032,54,10994,2754,2976,Yoga,54,6,Balanced Diet,2025-02-18,16:25:26
U1339,30,Other,185,51,29.78,Moderate,Muscle Gain,3858,4271,35,8480,2129,3626,Yoga,32,7,Low Carb,2025-02-23,16:25:26
U1340,62,Female,170,101,20.52,Moderate,Metabolism Boost,2496,12252,49,8111,1754,3765,Pilates,50,7,High Protein,2025-02-27,16:25:26
U1341,40,Female,192,107,31.17,Low,Fat Loss,3494,7579,56,11100,2572,3664,HIIT,49,7,High Protein,2025-01-31,16:25:26
U1342,64,Female,167,108,30.55,Low,Cardio Endurance,2226,7683,40,10653,2182,2981,Cardio,32,6,Vegan,2025-02-20,16:25:26
U1343,67,Male,197,96,20.71,Low,Post-Injury Recovery,3103,4188,34,10060,2184,3064,Yoga,36,7,Balanced Diet,2025-02-22,16:25:26
U1344,38,Male,190,51,18.52,High,General Wellness,2986,4330,47,9976,2620,3300,Strength Training,50,6,Vegan,2025-02-17,16:25:26
U1345,37,Male,174,84,32.1,Moderate,Weight Loss,2918,9053,37,10329,2937,3385,Pilates,43,6,Vegan,2025-02-09,16:25:26
U1346,64,Female,170,112,24.55,Moderate,Cardio Endurance,2263,4003,51,11104,2443,3651,Pilates,20,8,Vegan,2025-02-09,16:25:26
U1347,42,Female,173,81,18.74,Low,Athletic Performance,2061,6492,4,9027,2384,3085,Yoga,25,7,High Protein,2025-02-13,16:25:26
U1348,53,Other,167,90,28.88,Moderate,Heart Health,2815,14666,58,9270,2797,3281,Strength Training,30,8,Low Carb,2025-02-26,16:25:26
U1349,23,Male,188,56,30.36,Low,Senior Fitness,3414,9248,49,10649,1517,3453,Yoga,26,7,Vegan,2025-02-15,16:25:26
U1350,25,Other,159,55,34.63,High,Muscle Gain,2985,5136,50,10441,1316,2652,HIIT,59,6,Low Carb,2025-02-10,16:25:26
U1351,57,Female,183,58,29.41,Low,Muscle Gain,3288,5034,47,8848,1552,3982,Cardio,32,8,Balanced Diet,2025-02-10,16:25:26
U1352,21,Male,152,69,34.44,Moderate,Muscle Gain,2997,3129,20,10726,1256,3736,Strength Training,55,7,Balanced Diet,2025-02-27,16:25:26
U1353,60,Male,178,93,30.75,Low,Postpartum Recovery,2628,14868,44,10411,2379,3389,Yoga,22,8,Low Carb,2025-02-26,16:25:26
U1354,41,Male,196,79,27.5,Low,Fat Loss,3669,3020,18,9810,1848,3965,HIIT,56,7,Low Carb,2025-02-12,16:25:26
U1355,57,Female,165,52,30.32,Low,Postpartum Recovery,3875,14437,4,8389,2041,3250,Cardio,30,8,Low Carb,2025-01-30,16:25:26
U1356,69,Male,161,102,21.5,Low,Postpartum Recovery,2778,8227,52,10978,1348,3511,Pilates,53,6,High Protein,2025-02-01,16:25:26
U1357,33,Female,162,64,27.64,High,Athletic Performance,2980,10537,18,11128,2513,2923,Yoga,37,6,Balanced Diet,2025-02-13,16:25:26
U1358,21,Female,170,117,23.95,High,Flexibility Improvement,3365,4616,46,9518,1524,2954,Pilates,59,7,Balanced Diet,2025-02-17,16:25:26
U1359,57,Male,192,118,31.42,Low,Joint Mobility,3036,12005,38,10515,2600,3552,HIIT,54,7,Low Carb,2025-01-31,16:25:26
U1360,42,Female,197,98,18.38,High,Heart Health,2626,8351,21,11319,2177,3154,Cardio,24,8,Low Carb,2025-02-04,16:25:26
U1361,62,Other,169,119,26.91,Moderate,Heart Health,3309,9102,40,11506,2275,3624,Strength Training,30,6,Vegan,2025-02-07,16:25:26
U1362,55,Other,186,63,29.92,Low,Metabolism Boost,3162,6525,53,8340,1580,3356,Pilates,24,8,Low Carb,2025-02-01,16:25:26
U1363,19,Male,190,68,24.61,Low,Bone Health,2665,8914,53,9857,2026,3905,Yoga,45,7,Vegan,2025-02-15,16:25:26
U1364,43,Male,172,70,27.83,Moderate,Overall Fitness,3683,9527,56,10859,1904,2503,Strength Training,36,7,Low Carb,2025-02-15,16:25:26
U1365,30,Other,196,75,29.06,Low,Fat Loss,3132,6366,6,8024,1269,3798,Strength Training,37,8,High Protein,2025-02-07,16:25:26
U1366,19,Other,180,87,25.92,Moderate,Strength Maintenance,3244,13513,25,11669,2243,2701,HIIT,31,6,Vegan,2025-02-01,16:25:26
U1367,38,Female,167,60,24.38,Low,Overall Fitness,3469,12473,25,9602,2702,3066,Strength Training,41,8,Vegan,2025-02-19,16:25:26
U1368,46,Other,174,82,27.41,High,Athletic Performance,3755,13961,27,11924,1717,2690,Cardio,45,8,High Protein,2025-03-01,16:25:26
U1369,40,Male,195,83,28.26,Moderate,Muscle Gain,3465,7948,0,11948,2248,3833,Strength Training,31,8,Low Carb,2025-02-13,16:25:26
U1370,50,Other,177,114,19.02,High,Muscle Gain,3287,9629,20,11831,2872,3114,Strength Training,40,6,Vegan,2025-02-06,16:25:26
U1371,60,Female,190,56,31.01,Moderate,Strength Maintenance,3652,10259,24,9563,1986,3342,Yoga,37,8,Balanced Diet,2025-02-05,16:25:26
U1372,58,Female,168,79,23.51,Moderate,Joint Mobility,3961,8980,31,10666,1583,2702,Pilates,34,6,High Protein,2025-02-08,16:25:26
U1373,19,Male,151,52,31.56,Moderate,Weight Loss,2510,7278,42,11180,2455,2547,Cardio,49,6,Balanced Diet,2025-02-09,16:25:26
U1374,52,Female,171,50,24.24,Moderate,Bone Health,3096,10231,3,9380,2284,2841,Cardio,28,7,High Protein,2025-02-01,16:25:26
U1375,42,Female,161,64,27.35,High,Overall Fitness,2083,12498,17,10829,2685,2547,Strength Training,52,6,Vegan,2025-02-15,16:25:26
U1376,26,Other,198,59,24.2,Moderate,Cardio Endurance,3887,6802,10,9341,2504,3703,Cardio,53,8,Balanced Diet,2025-02-16,16:25:26
U1377,19,Male,161,67,20.25,Low,Postpartum Recovery,3665,8208,32,8449,2841,2782,HIIT,53,8,Balanced Diet,2025-02-27,16:25:26
U1378,47,Other,194,54,23.91,Low,Post-Injury Recovery,3555,6339,31,10009,1704,3310,Cardio,25,7,Vegan,2025-02-27,16:25:26
U1379,36,Male,188,102,23.35,Moderate,Stress Reduction,3257,3476,26,9259,1632,3440,HIIT,53,8,Low Carb,2025-02-09,16:25:26
U1380,54,Other,170,58,22.68,Moderate,Diabetes Management,3073,3979,0,9100,2394,3350,Pilates,49,6,Vegan,2025-02-18,16:25:26
U1381,53,Male,174,58,33.74,Low,Stress Reduction,3359,3924,53,11548,1487,3869,Yoga,24,7,Balanced Diet,2025-02-24,16:25:26
U1382,37,Female,162,119,31.11,Low,Athletic Performance,2220,14292,48,11045,1638,3990,Yoga,25,6,Vegan,2025-03-01,16:25:26
U1383,57,Female,161,69,20.42,Moderate,Strength Maintenance,3899,3041,22,11106,1206,3233,Yoga,25,6,Vegan,2025-02-24,16:25:26
U1384,66,Other,183,55,18.6,Low,Joint Mobility,3728,3719,21,10952,1611,2720,Strength Training,38,6,Vegan,2025-02-23,16:25:26
U1385,48,Male,163,110,30.23,Low,Post-Injury Recovery,3605,7503,42,10166,2049,3734,Cardio,20,8,Vegan,2025-02-17,16:25:26
U1386,52,Male,169,76,30.08,Low,Fat Loss,3744,11598,39,11442,2304,3341,Pilates,44,6,Low Carb,2025-02-09,16:25:26
U1387,62,Male,165,111,26.74,Low,Muscle Toning,2834,13243,52,8086,2133,3535,Yoga,45,7,Balanced Diet,2025-02-17,16:25:26
U1388,34,Male,186,91,28.28,Low,Senior Fitness,3021,7504,15,10226,2538,2511,Strength Training,56,6,Balanced Diet,2025-02-18,16:25:26
U1389,63,Female,174,55,27,High,General Wellness,3961,8988,40,8143,1964,3320,Pilates,33,6,Low Carb,2025-02-23,16:25:26
U1390,22,Female,186,115,29.46,High,Fat Loss,3854,11204,3,9515,1322,2842,HIIT,26,8,High Protein,2025-02-27,16:25:26
U1391,25,Other,156,75,22.14,Low,Joint Mobility,3481,14071,34,9545,1347,3832,Cardio,57,7,Low Carb,2025-01-31,16:25:26
U1392,60,Female,179,89,27.96,High,Endurance Improvement,2378,9891,52,10819,1494,2920,Yoga,41,6,Balanced Diet,2025-02-20,16:25:26
U1393,20,Male,160,53,23.16,Low,Fat Loss,3543,9035,24,8553,2562,2661,Yoga,30,6,High Protein,2025-02-22,16:25:26
U1394,67,Other,174,63,20.59,Low,Bone Health,3737,12878,5,8177,1694,3221,Pilates,52,8,High Protein,2025-02-17,16:25:26
U1395,19,Male,167,57,33.86,Moderate,Stress Reduction,3640,6520,30,8309,1989,3284,Strength Training,52,7,Vegan,2025-02-09,16:25:26
U1396,28,Female,190,87,32.24,High,General Wellness,2400,9169,26,10111,1726,3858,Strength Training,54,7,High Protein,2025-02-09,16:25:26
U1397,37,Female,157,115,25.89,Moderate,Flexibility Improvement,3010,5660,49,9220,1464,3757,Yoga,51,8,High Protein,2025-02-13,16:25:26
U1398,54,Female,169,50,23.54,Low,Joint Mobility,2936,4007,54,9754,1526,3492,Strength Training,31,7,Low Carb,2025-02-26,16:25:26
U1399,38,Male,192,72,25.62,High,Muscle Toning,3421,8343,56,9520,1641,3095,Cardio,49,6,High Protein,2025-02-15,16:25:26
U1400,37,Male,173,56,33.14,Moderate,Muscle Gain,2583,9131,52,8359,1925,3708,Cardio,27,6,Balanced Diet,2025-02-10,16:25:26
U1401,51,Female,182,114,21.97,High,Joint Mobility,3390,9449,1,9747,2888,3699,Pilates,43,7,Vegan,2025-02-10,16:25:26
U1402,21,Female,156,112,26.55,High,Metabolism Boost,3001,10978,9,10048,1585,2857,Cardio,54,7,Vegan,2025-02-27,16:25:26
U1403,54,Female,194,95,32.34,Moderate,Diabetes Management,2484,11714,16,11853,1538,3330,Yoga,22,7,Balanced Diet,2025-02-26,16:25:26
U1404,44,Other,192,115,30.83,Moderate,Metabolism Boost,3835,7752,51,11024,1479,2546,Yoga,38,8,High Protein,2025-02-12,16:25:26
U1405,26,Female,174,98,28.34,Low,Weight Loss,3799,6005,15,8268,1738,2655,Yoga,50,7,High Protein,2025-01-30,16:25:26
U1406,57,Male,151,75,24.97,Low,Senior Fitness,3055,11201,14,10384,1594,3731,Pilates,47,7,High Protein,2025-02-01,16:25:26
U1407,65,Male,194,102,23.01,High,Stress Reduction,3196,7822,1,11585,2400,2867,HIIT,59,6,Low Carb,2025-02-13,16:25:26
U1408,22,Other,197,84,21.44,High,Fat Loss,3427,8200,31,9590,1364,2788,Pilates,58,6,Low Carb,2025-02-17,16:25:26
U1409,59,Female,168,71,33.73,High,Overall Fitness,3698,6974,33,8156,2108,2881,HIIT,20,8,Low Carb,2025-01-31,16:25:26
U1410,27,Other,171,112,29.17,Moderate,Postpartum Recovery,3631,14689,57,9882,1428,2616,Strength Training,35,6,Vegan,2025-02-04,16:25:26
U1411,29,Female,176,104,27.45,Moderate,Weight Loss,2587,3144,8,11122,2467,3260,Pilates,47,6,Low Carb,2025-02-07,16:25:26
U1412,54,Female,197,84,29.13,Low,Weight Loss,3106,10770,28,9619,1203,3196,Pilates,41,7,Balanced Diet,2025-02-01,16:25:26
U1413,57,Male,189,84,32.86,Moderate,Post-Injury Recovery,3911,8857,13,11376,1696,2573,Pilates,39,8,Balanced Diet,2025-02-15,16:25:26
U1414,29,Female,176,53,22.04,Moderate,Senior Fitness,3640,6350,11,8068,2118,2651,HIIT,50,7,Vegan,2025-02-15,16:25:26
U1415,46,Female,184,112,27.31,Moderate,Heart Health,2329,10557,44,10433,2191,2771,Yoga,36,6,Balanced Diet,2025-02-07,16:25:26
U1416,21,Female,159,99,21.93,Moderate,Bone Health,3387,10457,30,8830,2516,3979,Cardio,48,6,Balanced Diet,2025-02-01,16:25:26
U1417,39,Female,168,115,21.47,Moderate,Bone Health,2680,8577,7,11257,2316,3707,Yoga,20,6,High Protein,2025-02-19,16:25:26
U1418,52,Female,186,55,24.07,Moderate,Endurance Improvement,2153,6270,9,8223,2891,3998,Cardio,33,7,Vegan,2025-03-01,16:25:26
U1419,20,Female,173,77,31.35,Moderate,Senior Fitness,2855,3086,8,8126,2759,3644,Yoga,32,7,Balanced Diet,2025-02-13,16:25:26
U1420,45,Other,168,88,29.46,Moderate,Stress Reduction,3484,7126,26,11641,2068,3666,Cardio,28,7,Vegan,2025-02-06,16:25:26
U1421,40,Male,198,74,31.08,Low,General Wellness,3242,14280,49,10837,2570,2669,HIIT,24,6,Low Carb,2025-02-05,16:25:26
U1422,22,Other,152,106,24.46,High,Muscle Gain,2170,12851,21,8237,2611,2619,Yoga,20,7,High Protein,2025-02-08,16:25:26
U1423,39,Male,190,54,28.94,High,Muscle Toning,3862,12983,12,11314,2144,3795,Cardio,27,7,Balanced Diet,2025-02-09,16:25:26
U1424,62,Male,172,51,29.02,Moderate,Fat Loss,2570,7172,11,9533,1730,2618,HIIT,49,6,Low Carb,2025-02-01,16:25:26
U1425,46,Male,196,73,24.04,High,Post-Injury Recovery,3351,13950,28,9021,1265,2992,Yoga,35,7,Vegan,2025-02-15,16:25:26
U1426,59,Female,158,111,29.38,High,Core Strengthening,2627,12647,40,11445,2267,2926,Cardio,21,7,Vegan,2025-02-16,16:25:26
U1427,36,Male,196,89,19.9,Moderate,Muscle Gain,3747,10133,3,9301,1362,3898,Cardio,52,8,High Protein,2025-02-27,16:25:26
U1428,23,Other,170,56,22.3,High,Strength Maintenance,3485,12752,15,9312,2356,2681,Pilates,20,8,Low Carb,2025-02-27,16:25:26
U1429,57,Female,166,54,20.63,Moderate,General Wellness,2869,9141,5,9522,1552,2851,Pilates,32,7,Vegan,2025-02-09,16:25:26
U1430,56,Female,155,96,20,Low,Weight Loss,2445,7234,2,10245,1294,2748,Cardio,23,6,Vegan,2025-02-18,16:25:26
U1431,63,Male,187,79,31.06,High,Core Strengthening,2678,10591,38,11318,2461,3250,Pilates,30,8,High Protein,2025-02-24,16:25:26
U1432,33,Female,181,106,25.86,High,Joint Mobility,2526,3892,1,8967,1565,3785,HIIT,58,6,Vegan,2025-03-01,16:25:26
U1433,19,Female,194,95,20.89,Low,Endurance Improvement,3439,12678,40,8189,1614,3375,Cardio,29,6,Low Carb,2025-02-24,16:25:26
U1434,63,Male,173,118,19.06,High,Stress Reduction,2744,10237,46,11433,2342,2950,HIIT,55,6,High Protein,2025-02-23,16:25:26
U1435,33,Male,156,104,24.23,Low,Stress Reduction,3895,3735,14,10996,2321,3548,Yoga,55,7,Vegan,2025-02-17,16:25:26
U1436,34,Male,199,82,28.85,High,Stress Reduction,2148,13449,39,10663,1479,3877,HIIT,43,7,High Protein,2025-02-09,16:25:26
U1437,29,Female,171,115,34.69,Low,Strength Maintenance,3139,3467,38,9004,2007,3327,Cardio,59,8,Balanced Diet,2025-02-17,16:25:26
U1438,51,Female,195,87,28.19,Moderate,Metabolism Boost,3041,3285,38,8588,2274,2926,Cardio,53,8,Balanced Diet,2025-02-18,16:25:26
U1439,42,Female,171,117,21.13,Low,Flexibility Improvement,3198,3537,31,8063,2980,3017,Cardio,50,7,Vegan,2025-02-23,16:25:26
U1440,20,Female,193,106,18.18,Moderate,Muscle Toning,3986,12446,2,10735,1806,2640,Pilates,59,7,High Protein,2025-02-27,16:25:26
U1441,58,Male,181,104,19.94,High,Postpartum Recovery,3168,6309,53,10819,2831,2572,Strength Training,46,7,Low Carb,2025-01-31,16:25:26
U1442,40,Male,167,63,32.13,Moderate,Athletic Performance,2087,14678,42,10550,2411,3767,Pilates,54,6,Balanced Diet,2025-02-20,16:25:26
U1443,27,Female,183,57,32.69,Moderate,Muscle Toning,2213,13641,9,10698,2739,2837,Strength Training,46,8,High Protein,2025-02-22,16:25:26
U1444,67,Other,157,58,31.34,Moderate,Post-Injury Recovery,2579,5689,0,8884,1996,3539,Pilates,33,7,High Protein,2025-02-17,16:25:26
U1445,39,Male,179,65,28.26,Moderate,Weight Loss,2322,12215,34,9242,1206,3762,Pilates,54,6,Low Carb,2025-02-09,16:25:26
U1446,54,Other,166,114,22.52,Low,Postpartum Recovery,2155,5974,41,9800,1539,3835,Strength Training,41,8,Vegan,2025-02-09,16:25:26
U1447,18,Female,185,89,30.77,Low,Diabetes Management,2591,14101,34,10790,2363,3973,Yoga,53,7,Vegan,2025-02-13,16:25:26
U1448,32,Other,188,93,18.6,Moderate,Bone Health,2685,7159,42,9105,1356,3782,HIIT,22,6,Balanced Diet,2025-02-26,16:25:26
U1449,64,Female,156,89,30.59,Low,Heart Health,3590,9336,43,11205,1347,3041,HIIT,28,6,High Protein,2025-02-15,16:25:26
U1450,37,Female,164,56,29.1,High,General Wellness,2049,9261,38,8194,1410,3401,Cardio,50,6,Low Carb,2025-02-10,16:25:26
U1451,33,Other,193,61,24.35,High,Heart Health,2005,6108,1,10325,1342,3247,Strength Training,41,8,High Protein,2025-02-10,16:25:26
U1452,54,Male,164,104,23.85,High,Muscle Toning,2018,9514,21,10875,1296,3433,Cardio,57,8,High Protein,2025-02-27,16:25:26
U1453,62,Other,178,68,31.64,High,Postpartum Recovery,2108,6681,54,8482,1273,3300,HIIT,59,8,High Protein,2025-02-26,16:25:26
U1454,42,Other,181,69,30.19,Low,Postpartum Recovery,2313,5789,28,8783,1816,2998,Strength Training,24,8,High Protein,2025-02-12,16:25:26
U1455,28,Female,167,50,27.19,Moderate,Fat Loss,3094,10279,35,8974,2238,3207,HIIT,59,6,Low Carb,2025-01-30,16:25:26
U1456,28,Other,168,92,24.66,Moderate,Muscle Toning,2112,14910,13,10278,2396,3622,Strength Training,46,8,High Protein,2025-02-01,16:25:26
U1457,43,Other,154,56,21.39,Moderate,Stress Reduction,3441,9776,56,9376,2739,3419,Pilates,58,8,Low Carb,2025-02-13,16:25:26
U1458,61,Male,159,53,30.58,Low,Overall Fitness,2824,14229,37,10256,2422,3847,HIIT,22,8,High Protein,2025-02-17,16:25:26
U1459,29,Female,191,108,34.73,Low,Senior Fitness,2742,12478,16,10141,2315,3914,Strength Training,59,8,High Protein,2025-01-31,16:25:26
U1460,58,Male,194,81,23.14,Low,Heart Health,3866,8731,11,8459,1234,3143,Yoga,28,7,Vegan,2025-02-04,16:25:26
U1461,54,Female,197,70,28.23,High,Athletic Performance,3615,11439,4,9391,1671,3720,Yoga,29,6,Balanced Diet,2025-02-07,16:25:26
U1462,23,Male,199,76,25.24,Low,Diabetes Management,2399,6003,43,10100,2626,3690,Cardio,20,6,High Protein,2025-02-01,16:25:26
U1463,21,Other,161,110,28.4,Moderate,Muscle Toning,2871,14134,23,11130,2105,3434,Yoga,52,6,Low Carb,2025-02-15,16:25:26
U1464,30,Male,157,53,22.49,High,Muscle Gain,3956,3370,43,11331,1237,2675,Strength Training,39,7,Balanced Diet,2025-02-15,16:25:26
U1465,67,Female,197,85,33.19,Low,Overall Fitness,3834,3932,50,10771,2451,3154,Cardio,23,6,High Protein,2025-02-07,16:25:26
U1466,27,Other,190,70,25.25,High,Joint Mobility,3060,3828,31,9121,2320,3881,Yoga,36,8,Vegan,2025-02-01,16:25:26
U1467,40,Other,155,112,27.86,Low,Joint Mobility,3251,4923,54,9984,2882,2952,Pilates,35,7,Balanced Diet,2025-02-19,16:25:26
U1468,33,Male,190,111,28.04,Low,Metabolism Boost,3746,14325,27,9416,1569,2848,Pilates,46,7,High Protein,2025-03-01,16:25:26
U1469,29,Female,195,96,31.75,Low,Muscle Gain,3108,14407,23,8673,1888,2506,HIIT,38,6,Low Carb,2025-02-13,16:25:26
U1470,67,Other,157,59,28.31,Moderate,Senior Fitness,2739,5584,46,9369,2403,2804,Cardio,56,6,Balanced Diet,2025-02-06,16:25:26
U1471,69,Other,192,114,29.3,High,Bone Health,2574,5722,52,10195,2379,2811,Pilates,47,7,Low Carb,2025-02-05,16:25:26
U1472,66,Other,161,103,33.75,Moderate,Joint Mobility,3487,5604,40,11058,1511,3647,Pilates,40,6,Balanced Diet,2025-02-08,16:25:26
U1473,45,Other,192,82,23.8,Moderate,Joint Mobility,3463,9156,7,9355,2546,2825,Cardio,59,8,Balanced Diet,2025-02-09,16:25:26
U1474,67,Male,184,104,26.51,High,Heart Health,3839,3873,37,11775,2664,3249,HIIT,29,7,Vegan,2025-02-01,16:25:26
U1475,27,Male,150,86,26.97,Low,Strength Maintenance,3587,14455,11,8050,2987,3359,Yoga,39,8,Low Carb,2025-02-15,16:25:26
U1476,47,Other,153,110,20.19,Low,Post-Injury Recovery,2037,4793,1,8053,2837,3918,Yoga,46,8,Balanced Diet,2025-02-16,16:25:26
U1477,26,Female,153,88,21.65,Low,Bone Health,2633,6054,14,8611,1460,2714,HIIT,41,8,High Protein,2025-02-27,16:25:26
U1478,41,Male,176,68,24.37,Low,Endurance Improvement,3281,3592,33,11397,1528,2709,Yoga,43,7,High Protein,2025-02-27,16:25:26
U1479,22,Other,162,92,25.66,Moderate,Overall Fitness,3193,3060,24,10780,1399,3493,Cardio,31,7,Vegan,2025-02-09,16:25:26
U1480,68,Female,153,81,19.84,Low,Strength Maintenance,3485,14627,4,9335,2394,3385,HIIT,31,8,High Protein,2025-02-18,16:25:26
U1481,31,Female,165,72,29.07,Moderate,Post-Injury Recovery,3406,3939,27,9791,2325,3983,HIIT,27,7,Low Carb,2025-02-24,16:25:26
U1482,32,Female,185,106,28.95,Moderate,Senior Fitness,3406,14436,46,10109,1679,2807,Yoga,40,7,High Protein,2025-03-01,16:25:26
U1483,35,Male,191,52,33.13,High,Athletic Performance,3196,7831,26,9457,2840,2834,Cardio,53,6,Balanced Diet,2025-02-24,16:25:26
U1484,47,Male,178,78,29.32,Moderate,Bone Health,3169,7644,3,8855,1528,2700,HIIT,21,6,Low Carb,2025-02-23,16:25:26
U1485,20,Female,167,64,18.93,High,Post-Injury Recovery,3768,8343,46,10583,1532,3339,Yoga,46,7,Low Carb,2025-02-17,16:25:26
U1486,31,Male,162,112,27.44,Low,General Wellness,3669,10181,46,9550,2414,3642,Cardio,53,6,Low Carb,2025-02-09,16:25:26
U1487,38,Female,162,77,20.27,High,General Wellness,3705,14298,53,10155,2056,3420,Cardio,37,6,Low Carb,2025-02-17,16:25:26
U1488,24,Male,194,51,24.61,Low,Weight Loss,2823,6877,49,8875,2670,3909,Strength Training,30,6,High Protein,2025-02-18,16:25:26
U1489,22,Female,191,65,24.74,High,Muscle Gain,3986,5308,15,8306,1571,3904,Yoga,40,8,Balanced Diet,2025-02-23,16:25:26
U1490,34,Other,152,96,23.65,Moderate,Athletic Performance,2279,6313,36,11064,2515,3187,Strength Training,49,6,Vegan,2025-02-27,16:25:26
U1491,40,Female,152,73,23.81,Moderate,Strength Maintenance,2359,11616,58,10913,2412,3099,Strength Training,36,7,High Protein,2025-01-31,16:25:26
U1492,66,Female,169,59,26.03,High,Heart Health,2412,10626,28,9337,2007,3932,Pilates,47,8,Low Carb,2025-02-20,16:25:26
U1493,66,Other,152,50,25.15,Moderate,Senior Fitness,3942,4606,42,9800,1735,3017,Strength Training,32,8,Vegan,2025-02-22,16:25:26
U1494,51,Male,188,58,22.02,Moderate,Cardio Endurance,2631,10662,15,8657,2376,2610,Strength Training,29,8,Balanced Diet,2025-02-17,16:25:26
U1495,40,Other,181,87,19.81,Low,Overall Fitness,3422,7720,8,9740,2533,3237,Cardio,25,7,Vegan,2025-02-09,16:25:26
U1496,58,Female,173,110,21.87,Low,General Wellness,2171,6410,44,9312,1807,2792,Pilates,40,7,High Protein,2025-02-09,16:25:26
U1497,45,Female,160,87,32.61,High,Muscle Toning,2061,6669,19,10330,2910,3250,Yoga,36,8,Low Carb,2025-02-13,16:25:26
U1498,43,Male,176,102,25.55,Low,Bone Health,3704,11969,27,9491,1888,2503,Cardio,21,7,Low Carb,2025-02-26,16:25:26
U1499,47,Male,193,70,32.42,Low,General Wellness,2866,12271,15,8781,2365,2896,Yoga,36,8,Vegan,2025-02-15,16:25:26